{
    "name": "root",
    "metadata": {
        "timer_format_version": "0.1.0",
        "start_time_seconds": "1596396853",
        "python_version": "3.7.5 (default, Nov  1 2019, 02:16:38) \n[Clang 10.0.0 (clang-1000.11.45.5)]",
        "command_line_arguments": "/usr/local/bin/mlagents-learn train2.yaml --run-id=JumperAI_3 --resume",
        "mlagents_version": "0.18.0",
        "mlagents_envs_version": "0.18.0",
        "communication_protocol_version": "1.0.0",
        "tensorflow_version": "2.3.0",
        "end_time_seconds": "1596396860"
    },
    "total": 7.306597934999999,
    "count": 1,
    "self": 0.015685227999999718,
    "children": {
        "run_training.setup": {
            "total": 0.010607207999999924,
            "count": 1,
            "self": 0.010607207999999924
        },
        "TrainerController.start_learning": {
            "total": 7.280305499,
            "count": 1,
            "self": 1.0814766959999984,
            "children": {
                "TrainerController._reset_env": {
                    "total": 5.975901426,
                    "count": 1,
                    "self": 5.975901426
                },
                "TrainerController.advance": {
                    "total": 0.06199142800000068,
                    "count": 1,
                    "self": 3.447200000117334e-05,
                    "children": {
                        "env_step": {
                            "total": 0.06195695599999951,
                            "count": 1,
                            "self": 0.018498746999997095,
                            "children": {
                                "SubprocessEnvManager._take_step": {
                                    "total": 0.04342598700000089,
                                    "count": 1,
                                    "self": 6.680300000105888e-05,
                                    "children": {
                                        "NNPolicy.evaluate": {
                                            "total": 0.04335918399999983,
                                            "count": 1,
                                            "self": 0.04335918399999983
                                        }
                                    }
                                },
                                "workers": {
                                    "total": 3.2222000001524975e-05,
                                    "count": 1,
                                    "self": 0.0,
                                    "children": {
                                        "worker_root": {
                                            "total": 7.028523513,
                                            "count": 1,
                                            "is_parallel": true,
                                            "self": 7.028523513,
                                            "children": {
                                                "run_training.setup": {
                                                    "total": 0.0,
                                                    "count": 0,
                                                    "is_parallel": true,
                                                    "self": 0.0,
                                                    "children": {
                                                        "steps_from_proto": {
                                                            "total": 0.0016154299999993071,
                                                            "count": 1,
                                                            "is_parallel": true,
                                                            "self": 0.0007306129999982147,
                                                            "children": {
                                                                "_process_vector_observation": {
                                                                    "total": 0.0008848170000010924,
                                                                    "count": 2,
                                                                    "is_parallel": true,
                                                                    "self": 0.0008848170000010924
                                                                }
                                                            }
                                                        },
                                                        "UnityEnvironment.step": {
                                                            "total": 0.015835811000000533,
                                                            "count": 1,
                                                            "is_parallel": true,
                                                            "self": 0.0001548059999993967,
                                                            "children": {
                                                                "UnityEnvironment._generate_step_input": {
                                                                    "total": 0.00023116700000080925,
                                                                    "count": 1,
                                                                    "is_parallel": true,
                                                                    "self": 0.00023116700000080925
                                                                },
                                                                "communicator.exchange": {
                                                                    "total": 0.014973869000000306,
                                                                    "count": 1,
                                                                    "is_parallel": true,
                                                                    "self": 0.014973869000000306
                                                                },
                                                                "steps_from_proto": {
                                                                    "total": 0.0004759690000000205,
                                                                    "count": 1,
                                                                    "is_parallel": true,
                                                                    "self": 0.0002163240000001565,
                                                                    "children": {
                                                                        "_process_vector_observation": {
                                                                            "total": 0.000259644999999864,
                                                                            "count": 2,
                                                                            "is_parallel": true,
                                                                            "self": 0.000259644999999864
                                                                        }
                                                                    }
                                                                }
                                                            }
                                                        }
                                                    }
                                                }
                                            }
                                        }
                                    }
                                }
                            }
                        }
                    }
                },
                "trainer_threads": {
                    "total": 2.532400000099244e-05,
                    "count": 1,
                    "self": 2.532400000099244e-05,